/*
Navicat MySQL Data Transfer

Source Server         : ggx
Source Server Version : 50051
Source Host           : localhost:3306
Source Database       : test

Target Server Type    : MYSQL
Target Server Version : 50051
File Encoding         : 65001

Date: 2014-10-01 21:17:03
*/

SET FOREIGN_KEY_CHECKS=0;

-- ----------------------------
-- Table structure for t_category
-- ----------------------------
DROP TABLE IF EXISTS `t_category`;
CREATE TABLE `t_category` (
  `cid` int(11) NOT NULL auto_increment COMMENT '分类编号',
  `title` varchar(5) NOT NULL COMMENT '分类名称',
  `sequnce` int(11) default '0' COMMENT '序列',
  `deleted` tinyint(1) NOT NULL default '0' COMMENT '0:false;1:true',
  PRIMARY KEY  (`cid`)
) ENGINE=InnoDB AUTO_INCREMENT=7 DEFAULT CHARSET=utf8;

-- ----------------------------
-- Records of t_category
-- ----------------------------
INSERT INTO `t_category` VALUES ('1', '焦点', '0', '0');
INSERT INTO `t_category` VALUES ('2', '动态', '0', '0');
INSERT INTO `t_category` VALUES ('3', '项目', '0', '0');
INSERT INTO `t_category` VALUES ('4', '实习', '0', '0');
INSERT INTO `t_category` VALUES ('5', '校内', '0', '0');
INSERT INTO `t_category` VALUES ('6', '科技', '0', '0');

-- ----------------------------
-- Table structure for t_comment
-- ----------------------------
DROP TABLE IF EXISTS `t_comment`;
CREATE TABLE `t_comment` (
  `cid` int(11) NOT NULL auto_increment COMMENT '评论编号',
  `nid` int(11) NOT NULL COMMENT '新闻编号',
  `ptime` varchar(20) NOT NULL COMMENT '评论时间',
  `region` varchar(20) NOT NULL default '未知地区' COMMENT '发布人地区',
  `content` varchar(500) NOT NULL COMMENT '评论内容',
  `supportcount` int(11) NOT NULL default '0' COMMENT '支持数',
  `opposecount` int(11) NOT NULL default '0' COMMENT '反对数',
  `deleted` tinyint(1) NOT NULL default '0' COMMENT '0:false;1:true',
  PRIMARY KEY  (`cid`),
  KEY `FK_t_comment_t_news` (`nid`),
  CONSTRAINT `FK_t_comment_t_news` FOREIGN KEY (`nid`) REFERENCES `t_news` (`nid`)
) ENGINE=InnoDB AUTO_INCREMENT=7 DEFAULT CHARSET=utf8;

-- ----------------------------
-- Records of t_comment
-- ----------------------------
INSERT INTO `t_comment` VALUES ('1', '1', '2012-02-22 10:21:43', '未知地区', '房价啥时能降呢', '0', '0', '0');
INSERT INTO `t_comment` VALUES ('2', '1', '2012-02-22 11:10:45', '江苏连云港', '房子不会将了。唉~~', '0', '0', '0');
INSERT INTO `t_comment` VALUES ('3', '1', '2012-02-24 15:20:10', '江苏省南京市', '房价快快涨，涨的越高越好。', '0', '0', '0');
INSERT INTO `t_comment` VALUES ('4', '5', '2012-02-24 07:52:24', '上海市', '非常好的新闻', '0', '0', '0');
INSERT INTO `t_comment` VALUES ('5', '4', '2012-02-24 20:08:20', '上海市', '非常好的新闻', '0', '0', '0');
INSERT INTO `t_comment` VALUES ('6', '3', '2012-02-24 20:08:56', '上海市', '非常好的新闻', '0', '0', '0');

-- ----------------------------
-- Table structure for t_news
-- ----------------------------
DROP TABLE IF EXISTS `t_news`;
CREATE TABLE `t_news` (
  `nid` int(11) NOT NULL auto_increment COMMENT '新闻编号',
  `cid` int(11) NOT NULL COMMENT '新闻分类',
  `title` varchar(50) NOT NULL COMMENT '新闻标题',
  `digest` varchar(100) default NULL COMMENT '摘要',
  `body` text NOT NULL COMMENT '新闻内容',
  `source` varchar(20) NOT NULL default '互联网' COMMENT '新闻来源',
  `ptime` varchar(20) NOT NULL COMMENT '发布时间',
  `imgsrc` varchar(100) default NULL COMMENT '新闻图片',
  `deleted` tinyint(1) NOT NULL default '0' COMMENT '0:false;1:true',
  PRIMARY KEY  (`nid`),
  KEY `FK_t_news_t_category` (`cid`),
  CONSTRAINT `FK_t_news_t_category` FOREIGN KEY (`cid`) REFERENCES `t_category` (`cid`)
) ENGINE=InnoDB AUTO_INCREMENT=27 DEFAULT CHARSET=utf8;

-- ----------------------------
-- Records of t_news
-- ----------------------------
INSERT INTO `t_news` VALUES ('1', '1', '全国70个大中城市新建商品房价首次出现停涨', '数据显示，全国70个大中城市，房价没有一个出现上涨情况。北京方面，二手房价格从去年8月环比停涨之后，进入下跌通道，至1月份，已经连续5个月环比下跌。', '<p>　　环比全部停涨首次出现</p>\r\n<p>　　数据显示，在新建商品住宅方面，2012年1月全国70个大中城市，价格环比下降的城市有48个，持平的城市有22个，没有一个城市出现上涨。从房价价格指数公布来看，首次出现了新建商品住宅环比全部停涨的现象。</p>\r\n<p>　　从同比看，70个大中城市中，价格下降的城市有15个，比去年12月份增加6个。1月份，同比涨幅回落的城市有50个，涨幅均未超过3.9%。</p>\r\n<p>　　二手住宅</p>\r\n<p>　　仅有5个城市环比上涨</p>\r\n<p>　　从二手房看,与上月相比，70个大中城市中，价格下降的城市有54个，持平的城市有11个。与去年12月份相比，1月份环比价格下降的城市增加了3个。环比上涨的仅5个城市：分别为贵阳、济宁、襄阳、韶关、遵义，均仅上涨0.1%。同比看，70个大中城市中，价格下降的城市有37个，比去年12月份增加了8个。1月份，同比涨幅回落的城市有29个，涨幅均未超过3.5%。</p>\r\n<p>　　北京情况</p>\r\n<p>　　二手房环比同比均下跌</p>\r\n<p>　　数据显示，北京二手房价格不管是环比还是同比，都在下跌，且下跌幅度均有所加大。</p>\r\n<p>　　在环比方面，自去年8月份出现停涨后，二手房价格环比开始下跌，且此后每个月的下跌幅度在不断加大，到2012年1月份，其环比下跌幅度已达到0.9%。而在同比方面，2012年1月份下跌3.1%，创下最大跌幅。</p>\r\n<p>　　北京新建住宅价格指数2010年5月时同比涨幅为22%，而到了2012年1月同比涨幅仅为0.1%。新建商品房价格指数同比涨幅也是连续下跌，下降幅度也比较大，去年年底同比涨幅为1.3%，而到了今年1月份，则同比涨幅下跌为0.1%。在环比方面，继2011年10月首次出现下跌后，环比继续下跌为0.1%。</p>\r\n<p>　　■ 分析</p>\r\n<p>　　北京房价调控成效明显</p>\r\n<p>　　北京中原地产市场总监张大伟认为，北京作为限购执行最严格的城市，房价调控已经见到明显成效。限购导致的直接需求减少，限购抑制投资、投机，在北京出台的最严格版限购下，5年外地户籍限购年限使得购房者回归自住，本地需求占据9成，自住首套占据9成，全市最近一年成交量中投资及投机基本绝迹。</p>\r\n<p>　　同时，买卖双方博弈加剧，限购限贷使得购房者期待价格下调，但是投资手段匮乏、通货膨胀依然是阻碍价格下滑的关键因素。特别是城区部分二手房房主依然坚挺价格，惜售，这使得在价格依然居高不下的情况下，购房者入市谨慎。</p>\r\n<p>　　■ 预测</p>\r\n<p>　　今年房价或下调10%-20%</p>\r\n<p>　　张大伟认为，2012年限购政策不会放松，一线城市楼市拐点已经明确，预期在6-12个月内房价可能还有10%-20%的下调，而且一线城市对全国的示范作用非常大，不仅在政策执行力度上，在房价下调过程中也会明显影响全国。</p>\r\n<p>　　链家地产市场研究部冯联联认为，在楼市调控效果继续巩固的背景下，降价趋势仍会持续。1月份全国多个城市新房市场成交跌入谷底，观望情绪依旧浓重，为加速销售回款，将不断有开发商加入降价换量阵营，新房价格预期会进一步下调。</p>\r\n', '腾讯', '2014-03-18 13:11:23', null, '0');
INSERT INTO `t_news` VALUES ('2', '1', '中国每年将多进口14部美国大片 以3D电影为主', '据美国媒体报道，中国每年将增加14部美国进口大片，以IMAX和3D电影为主；美国电影票房分账比例从13%提高到25%。', '<p>　　据新华社消息，2月18日，中美双方就解决WTO电影相关问题的谅解备忘录达成协议。据美国媒体报道，中国每年将增加14部美国进口大片，以IMAX和3D电影为主；美国电影票房分账比例从13%提高到25%。【东方早报消息：据美国《洛杉矶时报》报道，中国将在原本每年引进20部美国电影的基础上增加14部IMAX或3D电影。】</p>\r\n<p>　　业内称电影院收入将增加</p>\r\n<p>　　据报道，协议将即时生效，但国内主管部门暂未公布协议细节，负责发行进口片的中影和华夏也未给予回应。美国电影协会对此表示欢迎，而国内电影公司、发行公司、院线以及业内人士均表示利弊共存，配额增加短时间将冲击国内制片行业，同时增加电影院的收入并促使国产片提高质量。</p>\r\n<p>　　据报道，中美双方达成的协议是两国自去年WTO电影相关问题争端后取得的“重大突破”，双方赞赏彼此为解决这一重要问题的分歧所做出的努力。</p>\r\n<p>　　美国大片配额增加分账提高</p>\r\n<p>　　美国多家媒体报道了协议具体内容，其一，在20部分账大片的基础上增加50%的配额，有媒体更详细指出是14部，主要是IMAX、3D这样的“加强型”大片。2011年中国电影总票房为131.15亿元人民币，20余部美国分账大片就超49.1亿元，占37%，包括星美传媒集团负责人覃宏、国内制片人关雅荻认为，短时间内美国大片增加将挤压国产片票房，国产电影制作将受冲击。</p>\r\n<p>　　协议还透露，美国大片在华票房分账比例将从13%提高到25%，比如《变形金刚3》在中国取得10亿元人民币票房，按照新的分账比例美方的收益将从1.3亿提高到2.5亿元。接近好莱坞公司驻华机构的人士称，此举将刺激美国片商加强在中国的宣传力度，从而让美国大片得到更多票房。</p>\r\n<p>　　星美传媒董事局主席 覃宏</p>\r\n<p>　　“给国产片更多优惠”</p>\r\n<p>　　■ 业内反应</p>\r\n<p>　　短期内是大冲击，现有国产片本来就多，选择档期时都要躲开好莱坞大片，现在增加14部，国产片生存空间越来越小。同时将刺激国内制片公司更加认真拍出让中国观众喜欢的电影。我们希望国家能给国产电影更多优惠：如审查制更宽松一些，另外要解决好盗版问题，现在国产片几乎上映一部就出来盗版，而进口大片几乎没有这种现象。\r\n<p>　　《西风烈》制片人 关雅荻</p>\r\n<p>　　“狼真的来了”</p>\r\n<p>　　对于好莱坞大片，我们一直在喊狼来了，现在真来了。这是所有国产制片公司要面对的局面，我们该怎么办？首先国产片创作题材要丰富，要更面向市场化，但我们现在受到的限制较多。</p>\r\n<p>　　国产片是大刀队，好莱坞是洋枪洋炮，现在“长城”开了口子，希望有关部门创造条件让大刀队实力变强。</p>\r\n<p>　　好莱坞研究者 周黎明</p>\r\n<p>　　“电影院收益将增加”</p>\r\n<p>　　这些年中国电影在进步，但粗制滥造的作品也很多。从长远来讲竞争不可怕，以前国产片是“温室里的花朵”受到很多年的保护，现在花朵要放到狂风中，这要促使大家在竞争中成长。电影贸易的争端从来不是“零和游戏”，对美国的好处不一定对中国是坏处，以后中国观众能看到更多好的电影，电影院的收益也能增加。</p>\r\n<p>　　■ 相关新闻</p>\r\n<p>　　中美合资建东方梦工厂</p>\r\n<p>　　本报讯 （记者杨林）据新华网消息，华人文化产业投资基金18日在上海发布信息，该基金牵头中方公司与美国梦工厂动画公司已签署协议，将在上海合资组建上海东方梦工厂影视技术有限公司。（简称东方梦工厂）</p>\r\n<p>　　该合资项目由中方控股55％，美方持股45％，首轮投资将达3.3亿美元。“东方梦工厂”将以自营及与相关伙伴合作的形式，进行动画影视制作、版权发行、衍生产品、演艺娱乐、数码游戏、主题乐园等多个领域。</p>\r\n<p>　　国内好莱坞研究专家周黎明指出，和美国合作能借助他们的力量推广中国文化，美方则能更容易进入中国，这是个双赢的合作。电影研究人士蒋勇则认为，不同于《阿童木》《藏獒多吉》模式，梦工厂动画水平更高，国产动画产业要抓住机遇，学习好莱坞最先进的技术和创意。</p>', '腾讯', '2014-02-19 19:12:35', null, '0');
INSERT INTO `t_news` VALUES ('3', '1', '央行下调存准率0.5个百分点 释放流动性4000亿', '昨日晚间，央行发布消息，决定从本月24日起实行这一新的存准率。这意味着央行继去年12月1日起首次下调存准率之后，又一次向市场投放大约4000亿元人民币的资金。', '<p>　　预期</p>\r\n<p>　　新增贷款不足万亿达低谷</p>\r\n<p>　　实际上，当下市场对央行下调存准率的预期并没有去年年底那样热烈。从央行停发央票数周、市场货币水平较为稳定等一系列的迹象看，市场并不缺乏资金，而下调存准率似乎短时间内并不可能。但央行在此时作出下调决定，分析人士认为，央行考虑了本月的特殊性。</p>\r\n<p>　　根据央行此前公布的数据，今年1月份新增贷款额度仅为7381亿元，不仅大大低于市场过万亿元的预期，也同时达到这个数据三年来首次不足万亿的低谷。中国人民大学财经金融学院副院长赵锡军认为，正因为这样，所以现在调整存准率体现了预调微调的灵活性。\r\n<p>　　时机</p>\r\n<p>　　2月可能出现大规模贷款</p>\r\n<p>　　“今年较以往最大的不同，在于春节的时间。”赵锡军解释道，由于此前几年在2月份的春节今年“挪到”1月份，银行工作时间较短，信贷规模减少不可避免。但这使得不少没有如期贷款的企业缺少运转资金，所以2月份就可能出现大规模贷款的现象。“央行恐怕也是想到这点，才在此时选择下调存准率的”。</p>\r\n<p>　　除了2月份单月的特殊性外，今年欧债危机缓解乏力，也成为下调存准率的最大原动力。赵锡军表示，现在我国贸易顺差收缩，今年外汇占款投放也应较去年有所减少，这也导致了存准率的下调。“今年我国经济结构将发生变化，由原来的出口拉动外需，转向平衡的方向发展，而全球经济复苏缓慢，也预示着流入国内的资金不多，外汇占款减少”。\r\n<p>　　解读</p>\r\n<p>　　释放后仍有通胀压力</p>\r\n<p>　　下调0.5个百分点，也就意味着向市场投放约4000亿元的资金。而这4000亿元，究竟能给中国带来多大影响？对外经贸大学金融学院客座教授赵庆明表示，释放资金最大的意义可能在于给市场和实体经济传递信息，即给原本增长放缓的实体经济增长以信心，毕竟4000亿元对于整个市场而言，并非大数目。但赵锡军对此表示担忧，释放信心，并不代表政策就此会放松下去。“这只是对2月份特殊情况的灵活应变”。\r\n<p>　　此外，赵锡军表示，释放资金后，价格压力和通胀压力依然存在。“随着我国价格机制改革的深入，今后如水价、油价等原本政府可以直接管控的价格，恐怕要随着市场而变化。但目前国际形势并不明朗，涨价恐怕是必然的。”他解释道，虽然均在可控范围内，但也应密切关注。</p>', '腾讯', '2014-02-20 19:17:20', null, '0');
INSERT INTO `t_news` VALUES ('4', '1', '山西大同副市长被杀 警方称因家庭纠纷引起', '大同市公安局下午对外证实了此事。称王伟国因家庭纠纷引发冲突被杀，犯罪嫌疑人是死者妻子的哥哥，目前已经被抓获。案件正在进一步调查之中。', '<p>　　记者从山西警方获悉，山西省大同市一副市长2月18日在该市一小区内被杀。案件发生后，山西省公安厅非常重视，19日上午，派出刑事、技术、法医等专家组赶赴大同市展开案件调查工作。</p>\r\n<p>　　王伟国简历</p>\r\n<p>　　王伟国，男，汉族，1960年11月生，山西浑源人，大学本科毕业，1985年8月加入中国共产党，1982年9月参加工作。现任大同市政府副市长、党组成员。</p>\r\n<p>　　1982年9月，山西师范学院毕业后，雁北教育学院教师；1983年9月，中共雁北地委宣传部干事；1988年5月，中共雁北地委宣传部宣传科副科长；1991年8月，中共雁北地委宣传部理论科科长；1993年7月，中共大同市委宣传部理论科科长；1997年1月，中共大同市委宣传部副部长；2001年8月，中共大同市矿区区委副书记、区长；2006年5月，中共左云县委书记；2010年11月任现职。</p>\r\n<p>　　中共大同市第十三届委员会委员。省九次党代会代表；市第十二次、十三次党代会代表；十二届、十三届市委委员；市十二届、十三届人大代表。</p>', '腾讯', '2014-02-21 19:18:00', null, '0');
INSERT INTO `t_news` VALUES ('5', '1', 'IMF前总裁卡恩涉嫌淫媒案听证会21日举行', '据法国媒体报道，前国际货币基金组织秘书长卡恩涉嫌淫媒案将于21日（下周二）在里尔司法警察问讯管理处进行听证会。', '<p>　　人民网巴黎2月18日电 （记者 李志伟）据法国媒体报道，前国际货币基金组织秘书长卡恩涉嫌淫媒案将于21日（下周二）在里尔司法警察问讯管理处进行听证会。该听证会将在监视情况下进行，时间可能长达48小时，届时卡恩将和律师出庭接受问询。</p>\r\n<p>　　去年11月，法国警方在北部城市里尔破获一桩卖淫团伙案时，发现卡恩与涉案妓女进行过交易。据涉案人员称，一些商人曾多次带妓女到巴黎和美国参加卡恩的聚会，并提供了一些证据。里尔淫媒案使得卡恩的声望再一次被降低。卡恩一直希望尽快举行听证会。据《观点》周刊称，卡恩将会提供证词，撇清与涉案淫媒商人的关系。卡恩表示迫不及待等待开审，好让流言赶快停顿下来。</p>', '腾讯', '2014-02-22 19:20:01', null, '0');
INSERT INTO `t_news` VALUES ('6', '1', '胡锦涛在韩国首尔会晤奥巴马', '3月26日，中国国家主席胡锦涛同美国总统奥巴马在韩国首尔举行会晤。', '<p>		正在首尔出席核安全峰会的中国国家主席胡锦涛当地时间26日下午在下榻饭店会见了美国总统奥巴马。</p>\r\n<p>		“家里最近怎么样？”奥巴马一落座即首先向胡锦涛发出问候。胡锦涛笑着说“挺好”，并向奥巴马问道：“夫人和孩子们好吧？”奥巴马随即向胡锦涛转达了家人的问候。\r\n<p>		当会见正式开始后，胡锦涛首先表示，“很高兴和你在首尔再次见面。这是我们今年的首次会晤，也是三年多以来的第11次会晤。”</p>\r\n<p>		胡锦涛说，一个月前，习近平副主席成功访问美国，感谢美方给予的热情款待和周到安排。</p>\r\n<p>		奥巴马随后表示，我就任总统以来已经11次和您见面，这个事实标志着我们对保持强有力的美中关系的重视。</p>\r\n<p>		对于今天的会见，奥巴马说，这是一个机会，我们可以就核安全等范围广泛的问题进行讨论。这是一个机会，我们可以在业已建立并不断增长的合作和对话基础上讨论我们的关系，我期待扩大两国贸易、促进互利关系，进一步发挥两国之间的经贸潜力。这也是一个机会，我们可以就重要的国际问题进行讨论。在这些问题上，美中两国进行合作协调十分重要。</p>\r\n<p><B>		此次在首尔进行的第11次“胡奥会”，预计将达一个半小时。会晤后，他们将赴COEX会展中心，出席韩国总统李明博为与会各国领导人举行的迎宾仪式和酒会。</B></p>\r\n', '腾讯', '2014-02-23 19:00:00', null, '0');
INSERT INTO `t_news` VALUES ('7', '1', '四因素导致A股重挫 沪指跌2.65%失守2300', '3月28日，两市小幅低开，交易时间，沪指震荡下挫，午后跌破2300点，至全天收盘，沪指报2284.88点，跌2.65%，成交额782.31亿，深成指报9531.15点，跌3.15%，成交额720.90', '<p>	板块方面，两市所有板块均下跌，其中西藏、甘肃、LED等板块均大幅下挫，杀跌动能强劲。银行板块曾一度翻红，随大盘跳水，板块翻绿。个股方面，白云山A、广州药业等五股涨停。新三板概念股中关村今日高开高走，盘中一度涨停。两市跌停股超30只。</p>\r\n<p>	四大因素导致股市重挫</p>\r\n	[市场预期新股扩容] 深交所：推动符合创业板第2套较低标准企业上市</p>\r\n<p>	3月27日，深圳证券交易所副总经理陈鸿桥在“上市公司‘南山板块’跨越一百高端论坛”上提出，资本市场吸纳新兴业态和创新型企业面临新需求，特别呼吁符合创业板第二套较低标准的企业，以及互联网、服务业、创投动向等类别的公司积极上市。</p>\r\n<p>	[大盘股上市使市场承压] 今年以来最大IPO中信重工拟发行6.85亿股</p>\r\n<p>	据中国证监会网站最新消息，证监会主板发审委将于3月30日审核中信重工机械股份有限公司的IPO申请，根据中信重工的招股书（申报稿），该公司拟登陆上证所，发行不超过6.85亿股；募集资金用于高端电液智能控制装备制造等3个项目。</p>\r\n<p>	[机构做多热情消退] 限新令持续发酵 机构豪赌12只新股遭重创</p>\r\n<p>	3月27日，中小企业板两只新股德联集团（002666.SZ）和首航节能（002665.SZ）正式上市。不过，首航节能上市即破发，给了炒新热以重重一击。</p>\r\n<p>	[期指市场空头发力] 净空持仓逼近万手 期指上演别样“新高”</p>\r\n<p>	昨日，股指期货四个合约总持仓连续第二个交易日创出新高，多空博弈资金再添近3亿，达到187亿。并且，盘中最大持仓、主力合约净空持仓也创出新高，这在期指上市以来实属罕见。</p>\r\n<p>	后市研判</p>\r\n<p>	艰难头肩底右肩构筑之旅 市场难觅行情突破口</p>\r\n<p>	尽管隔夜美股表现强劲，纳指及标普500指数均在刷新中长期的行情高点，但昨日A股也顶多高开—震荡—回落，市场依然难觅行情突破口。随着时间的推移，A股的表现再度显著落后于欧美及亚太主要股市。两市总成交金额萎缩至千亿附近，市场拖沓粘滞之势难免令投资者心烦气躁。</p>\r\n<p>	中信建投：现阶段市场将维持调整态势</p>\r\n<p>	中信建投最新研究报告认为，就当前来看在3月底到4 月上旬的数据密集期内，市场更多的是关注数据本身，而低于预期应该是大概率事件，因此在这一阶段市场可能继续维持调整的态势。</p>\r\n<p>	主流基金预期谨慎 A股反弹遭遇冷“空”气</p>\r\n<p>	易方达价值成长基金经理表示：“因紧缩政策导致的业绩环比下降预期短期仍未得到有效扭转，中期投资逻辑无法有效确立，估值去泡沫化过程仍将进行，建议普通投资者仍选择防御为主策略。”</p>\r\n<p>	金证顾问（微博) 认为，股指弱势阴跌，中小盘个股杀跌动能较强，短线来看，预计股指仍将维持震荡探底的格局，操作上，建议投资者不要急于抄底，等待股指发出日K线级别的企稳信号之后再考虑增加仓位，同时，对于手中个股出现技术面见顶信号的个股也需及时做减仓操作。</p>\r\n<p>	倍新咨询认为，经历一个多月的连续上涨之后，从三月中旬持续调整，到三月底将达到半个月左右，本月月K线有望收出倒锤头，显示四月份的行情将探底回升，中线思路是三月底四月初逐步布局，四月中旬开始市场有望重新进入上涨期。</p>', '腾讯', '2014-02-24 11:21:00', null, '0');
INSERT INTO `t_news` VALUES ('8', '1', '报告称中国个人资产超600万元富豪人群达270万', '昨天，胡润研究院与兴业银行联合发布《2012中国高净值人群消费需求白皮书》显示，目前中国个人资产在600万元以上的高净值人群达到270万人，旅游、养生保健、子女教育是他们最关注的服务内容。', '<p>	高净值人群达270万人</p>\r\n<p>	在这份白皮书中，“高净值人群”被定义为个人资产在600万元以上的人群。胡润研究院的调查显示，目前中国满足这一条件的人群达到270万人，平均年龄为39岁，其中，个人资产达到亿元以上的高净值人群数量约6.35万人，平均年龄为41岁。</p>\r\n<p>	胡润百富创始人兼首席调研员胡润表示：“虽然中国富豪的消费能力很大，但现在我感觉他们还在从富豪到新贵族转变的路上。”</p>\r\n<p>	最关注旅游养生和子女教育</p>\r\n<p>	调查显示，中国的高净值人群最希望得到金融服务的消费领域是旅游，有6成高净值人群表示会选择旅游方面的消费金融服务。此外，半数高净值人群青睐养生保健方面的服务，超过1/3的高净值人群选择子女教育类的服务。</p>\r\n<p>	另外，子女教育也是中国高净值人群主要消费领域的前三名之一。在对孩子的教育上，出国留学还是最普遍的方式，85%的高净值人群有计划送孩子出国留学，亿元资产以上的高净值人群中则高达90%。46%的高净值人群对子女的教育理念是全面发展，41%是素质能力教育，23%是创造性教育，17%是开放性教育，14%是个性化教育。</p>\r\n<p>	平均每年赠礼消费15万元</p>\r\n<p>	白皮书称，高净值人群每年的赠礼花费约15万，占平均年消费的10%；亿元资产以上的高净值人群则超过26万。手表是高净值人群最常赠送给男士的礼物，不过在亿元资产以上的高净值人群中，红酒是最常见的礼品。而在奢侈品的消费上，香港已经成为中国高净值人群购买奢侈品或高端消费品的绝对首选，占73%；其次是欧洲，有28%；选择在国内大城市购买的也有28%。</p>\r\n<p>	高净值人群进入守富阶段</p>\r\n<p>	高净值人群生活方式主要分三个阶段：创富、守富和享富。白皮书称，中国高净值人群经历了利用奢侈品品牌凸显社会地位的创富阶段，已步入以低调、适用型的生活方式为主的守富阶段，并逐步向以投身公益慈善事业为代表的享富阶段过渡。其中守富阶段的主要特征为：适度消费，开始注重生活的品质、自身的身心修养及子女的内涵气质教育。</p>\r\n<p>	数读高净值人群</p>\r\n<p>	高净值人群平均每月出差6.9天，其中亿元资产以上的高净值人群更是达到9天。</p>\r\n<p>	高净值人群平均每周运动2.3次，亿元资产以上的高净值人群平均每周运动2.7次</p>\r\n<p>	6成以上的高净值人群有收藏的习惯，7成以上亿元资产以上的高净值人群有收藏习惯。</p>\r\n<p>	35%的高净值人群饲养宠物。</p>\r\n<p>	10%的高净值人群拥有私人家庭医生，亿元资产以上的高净值人群拥有私人家庭医生的占15%。</p>\r\n<p>	亿元资产以上的高净值人群有购买公务机意向的比例达到了13%。</p>', '互联网', '2014-02-25 12:21:11', null, '0');
INSERT INTO `t_news` VALUES ('9', '1', '东莞水厂称死鱼因天气所致 副市长斥“放狗屁”', '：松木山水库出现大面积死鱼现象，水厂第一时间给出的解释是“跟回南天有关”。在27日上午举行的全市环保工作会议上，东莞市委常委、常务副市长梁国英痛斥“天气说”是在“放狗屁”，并直言自己现在经常去明查暗访', '<p>	水厂认为死鱼是因“回南天”</p>\r\n<p>	松木山水库与松山湖里的各大湖泊相互连接，是松山湖的主要水源，也是大朗自来水厂的水源之一。本月初，有市民向羊城晚报报料说，水库出现了大面积的死鱼。记者当时曾在现场看到，水库两岸漂浮着许多死鱼，死鱼有两个巴掌大。附近的绿化工人说，这已经不是松山湖第一次出现死鱼的现象了， 去年水库里也死过鱼，但没今年多。该工人猜测称：“死鱼出现最多的地方正好是三个工厂的排污口，出现大面积的死鱼估计跟工厂排污有关。”</p>\r\n<p>	但 是， 大朗自来水厂的有关负责人却并不这样认为，他解释说：“主要跟回南天以及渔民们大面积撒网捕鱼、影响到水生环境有关，每年的冬春之交和夏秋之交都会出现死鱼的情况。”</p>\r\n<p>	事实证明是因水源被污染</p>\r\n<p>	在昨天的会议上，梁国英特意拿“松木山水库死鱼事件”为例，向与会者强调监管的重要性：“最近，松木山水库的水污染问题引起了社会各界的高度关注，自来水厂的人一开始说是由于天气原因造成的死鱼，我第一反应就是‘放狗屁’！ 我立马打电话给水务局， 说肯定是污染问题，要他们召开现场会， 查清楚污染源是什么，在哪里。结果一查，几个原因都是污染的问题，而不是天气的问题。”</p>\r\n<p>	东莞水务局随后向社会公布的信息也证实了梁国英的说法。该局称，大面积死鱼原因有三个，分别是点源污染、面源污染和内源污染，其中就包括了四个排污口的大量污染物流入水库，导致水体质量下降。</p>\r\n<p>	被批评者称当时是讲错了</p>\r\n<p>	“松木山水库是重要的水源保护区，污染源不停地排污，这怎么行？ ”梁国英还直斥环保部门监管不力： “全市各镇街的环保分局要积极作为。我现在经常去明查暗访， 发现不少的污染源都在偷排偷放。</p>\r\n<p>	环保分局和监察大队，你们平时的巡查工作是怎么做的？ 我都看到了，你们不可能看不到。接下来环保部门和监察部门要联手，对那些不称职的、责任落实不到位的，要追究环保分局局长、监察大队队长的责任。”</p>\r\n<p>	对于梁国英的严厉批评， 大朗自来水厂有关负责人昨晚在接受记者采访时坦言： “我们都不是专家， 当时是可能讲错了。但是我们还是比较高兴的，因为这说明市政府很重视这个事。自从出现死鱼现象后，现在我们水厂已经不抽松木山水库的水了，以保障辖区居民用水的安全。”</p>', '互联网', '2014-02-26 13:12:56', null, '0');
INSERT INTO `t_news` VALUES ('10', '1', '何挺接替关海祥出任重庆公安局党委书记', '新任重庆副市长、公安局长何挺昨日首次以公安局党委书记身份亮相。此前报道称，原重庆江津区委书记关海祥接任此职。', '<p>	重庆市公安局主要领导调整后，新任重庆市副市长、市公安局党委书记、局长何挺27日与市公安局党委成员及时研究部署当前重点工作，明确以“五个落实”全力维稳，竭诚为民，不断提高维护稳定和服务群众的能力和水平，确保政治稳定、治安稳定和队伍稳定</p>\r\n<p>	　　提高认识抓落实。要把思想认识统一到中央决定上来，统一到学习贯彻全国“两会”精神上来，统一到市委张德江同志两次重要讲话精神上来。毫不动摇的坚持党对公安工作的领导，切实增强政治敏锐性和政治鉴别力，在大是大非问题上同党中央，市委、市政府保持高度一致，以实际行动捍卫党的领导，捍卫人民民主专政政权，捍卫中国特色社会主义道路，捍卫改革发展稳定的大好局面。</p>\r\n<p>	　　全力维稳抓落实。要以确保重庆大局稳定为首要政治任务，坚决防止发生影响社会稳定的群体性事件。坚持信访专案集中办理机制，结合“三访三评” 深化“大走访”活动，深入开展矛盾纠纷排查化解工作，以利益诉求群体为重点，紧紧依靠当地党委政府，通过艰苦细致的工作，把一些矛盾化解在基层和萌芽阶段。</p>\r\n<p>	　　竭诚为民抓落实。要坚持以人为本、执法为民，把群众的满意度和安全感作为检验公安工作的根本标准。坚持严打方针不动摇，什么犯罪严重就打击什么犯罪，什么治安问题突出就整治什么问题。保持打击力度不减弱、防范力度不下降、社会治安不反弹，让党委政府放心，让人民群众满意。紧密结合公安部部署的“三访三评”深化“大走访”活动，进一步落实各项便民利民措施，正确处理服务与管理的关系。在深入调研、走访群众的基础上推出新的便民利民措施，发扬优良传统，以更新的面貌、更高的要求、更高的姿态服务于民。</p>\r\n<p>	　　服务大局抓落实。要深刻认识公安工作面临的新挑战，不断提高统揽公安工作全局、服务重庆发展大局的能力和水平。积极参与加强和创新社会管理工作，继续推进实有人口管理立法工作，加强流动人口、出租房屋管理，继续推进户籍制度改革。切实维护市场经济秩序，依法惩处各类经济犯罪活动，坚决打好公安部部署的严厉打击经济犯罪攻坚战，为推动科学发展，促进社会和谐提供有力保障。</p>\r\n<p>	　　带好队伍抓落实。要坚持民主集中制原则，抓好各级公安机关领导班子建设。讲党性，讲团结，讲大局，讲品行，努力营造风清气正、凝心聚力、团结奋斗的工作氛围。以“忠诚、为民、公正、廉洁”政法干警核心价值观教育实践活动为抓手，全面加强公安队伍建设。进一步增强忧患意识、公仆意识和务实意识，始终坚持实事求是的工作作风，始终牢记全心全意为人民服务的宗旨。树立正确的政绩观，严格规范执法，进一步提高执法水平，通过严格、公正、规范和理性、平和、文明的执法活动，进一步提升公安机关公信力，推动公安事业科学发展，开创重庆公安工作新局面。</p>', '互联网', '2014-02-27 14:11:43', null, '0');
INSERT INTO `t_news` VALUES ('11', '1', '国台办就吴伯雄“一国两区”说法答记者问', '国民党荣誉主席吴伯雄日前有关“一国两区”的说法在今天的国台办记者会上多次被台湾媒体问及。发言人杨毅对此表示，只要认同一个中国，其他问题都是可以讨论的。', '<p>	面对台湾记者追问大陆是否同意“一国两区”的说法，国台办发言人杨毅回应说，我们多次讲过，只要认同一个中国，其他问题都是可以讨论的。这是我们的一贯立场。</p>\r\n<p>	有记者问：“一国两区”在台湾引起很大的效应，民进党对于这个说法有一些抵制，对于民进党的态度发言人怎么看？杨毅对此回应指出，众所周知，这是长期以来台湾方面在法律层面对两岸关系所持的基本态度。</p>\r\n<p>	同样的问题在今天国台办记者会临近结束时再度被问到，杨毅仍以同样的话做出答复，他也表示“我还是那句话”。</p>', '互联网', '2014-02-28 15:12:32', null, '0');
INSERT INTO `t_news` VALUES ('12', '3', '广义虚拟经济视角下的诚信体系建设', '招聘人数:2   工作地点:暂时未定   工资待遇:每月助研费200-800元   发布日期:2014-03-02 ', 'Email： zhujianjun@nuaa.edu.cn</p><p>联系电话： 13505152630</p><p>招募人数： 2-3</p><p>项目描述： 中航工业集团林总设立了广虚研究平台。本课题基于广虚经济的视角，研究区域诚信体系的建设和路径优化问题。根据问题和任务，撰写研究报告。</p><p>项目要求： 学生有一定的自我创新意识和思路，有一定的文字功底，研究态度比较端正踏实，研究期暂定2个月。任务相对明确，但能在任务的基础上有一定的自我发挥空间和能力。每周可用于研究的工作时间20小时以上（含周末）。</p><p>\r\n备注说明： 每月助研费200-800元；课题负责人拥有报告的知识产权。</p>', '系网站', '2014-02-28 14:10:21', '../pic/icon.png', '0');
INSERT INTO `t_news` VALUES ('13', '2', '我院刘思峰教授入选欧盟居里夫人计划', '据欧盟委员会通知，我院刘思峰教授入选欧盟委员会第7研究框架“玛丽·居里国际智力引进计划”Fellow（PIIF-GA-2013-629051）。', '<p>  据欧盟委员会通知，我院刘思峰教授入选欧盟委员会第7研究框架“玛丽·居里国际智力引进计划”Fellow（PIIF-GA-2013-629051）。欧盟委员会第七研究框架计划（FP7）中的“玛丽·居里国际智力引进行动计划” （Marie Curie International Incoming Fellowships - FP7-PEOPLE-2013-IIF）是欧盟委员会专门针对其成员国之外的杰出研究人员设立的专项资助计划，目的是为了吸引欧洲以外的优秀学者到欧洲开展研究、传播、交流活动，以期发展双方互惠的科学研究合作关系。</p><p>  刘思峰教授致力灰色系统理论研究30年，为发展、传播中国学者首创的灰色系统理论做出了重大贡献，在国际上享有很高声誉。他于20世纪80年代提出缓冲算子、灰色绝对关联度、灰色定权聚类评估模型及灰色矩阵定位系数等系列新模型和新概念；20世纪90年代，他又提出缓冲算子及其公理系统、广义灰色关联度、灰数及其信息含量测度、LPGP漂移及定位求解、GM（1，1）模型的适用范围、灰色经济计量学模型、灰色生产函数模型等，受到国内外同行的关注和肯定，一些结果还被多位同行专家在其著作中专章介绍；进入新世纪之后，他提出一般灰数的概念、基于“核”和灰度的灰代数系统、均值差分GM(1,1)模型、原始差分GM(1,1)模型，拓展了GM模型体系；构建了基于相似性和接近性视角的新型灰色关联分析模型，基于端点和中心点混合三角白化权函数的新型灰色聚类评估模型，为解决贫信息不确定性系统评估问题提供了新方法；所提出的两阶段灰色综合测度决策模型，解决了灰色聚类系数向量之各分量均衡取值或灰色聚类系数向量有若干个位于前列的主分量取值相近，难以取舍的综合决策问题；构建了能够同时表征加分和减分因素的四种新型一致效果测度函数，将灰靶临界值设计为一致效果测度函数的正负分界点，由此提出了一种新的多目标加权灰靶决策模型。</p><p>  2002年，刘思峰教授荣获系统与控制世界组织奖，是我国学者首次获得该项奖励；2008年，刘思峰教授当选为系统与控制世界组织荣誉会士(Honorary Fellow)，是第一位获此殊荣的中国学者。此次，经过欧盟委员会严格评审，刘思峰教授又“优等”评价入选居里夫人国际智力引进行动计划Fellow,成为从各成员国推荐的数千名优秀学者中选拔的184位杰出学者中的一员，也是倾力研究、传播中国原创科学理论的我国本土成长学者入选该计划的第一人。</p></pre>               按照项目计划安排，刘思峰教授将赴英国De Montfort大学与杨英杰教授开展合作研究，并到法国、西班牙、波兰、罗马尼亚等欧盟成员国巡回讲授灰色系统理论。（转自校新闻网）</pre>', '系网站', '2014-03-01 14:12:21', null, '0');
INSERT INTO `t_news` VALUES ('14', '2', '我院“全国大学生网络创新应用大赛”被认定为“I级赛事”', '近日，学校教务处进行了新一轮的大学生竞赛级别认证，由我院负责的“全国大学生网络商务创新应用大赛”成功申请为“I级乙等竞赛”。', '<p>中国互联网协会全国大学生网络商务创新应用大赛是在工信部、教育部的指导与支持下，由中国互联网协会主办的全国性大学生创新创业实践类赛事活动，是“互联网实训促就业工程”的重要推动形式。自 2007 年首届大赛成功举办以来，大赛新颖的模式已得到了广大高校的热烈响应和支持。每届大赛大约有来自全国 320 多个城市和地区的 2200 多所高校、15 万左右大学生报名参与，大赛已逐渐建立起有政府、企业、业界专家、高校、大学生共同参与的创新创业实践生态系统。首届大赛被信息产业部纳入“阳光绿色网络工程”；2008 年，大赛作为中国互联网协会“互联网应用实训促就业工程”的重要推动形式，得到了教育部的支持。根据国台办七项【2010】652 号文件精神，第四届全国大学生网络商务创新应用大赛被列入 2011 年两岸重点交流项目。</p><p>我院管理科学与工程系老师在系主任马静教授的带领下，多次组织师生参赛，对学生进行专业的赛前培训，在创新人才培养方面取得了不菲的成绩。截止第六届大赛，我校学生已获得全国一等奖4项，全国二等奖3项，全国三等奖1项，我校历年都被评委“优秀组织院校”，我院马静、罗正军、李珊等老师先后被评为“优秀指导教师”</p><p>资料衔接，我校2013年对大学生创新竞赛进行了改革，根据竞赛的目的、形式和内容，将竞赛分为四大类，即创新创业竞赛、学科知识竞赛、文化素质类竞赛和体育竞技类竞赛。按照竞赛的主办单位、知名度和影响力等因素，考虑竞赛的行业背景和高校参与情况，将每类竞赛由高到低分为I、II和III等三个级别，每个级别类再划分甲和乙两个等次。到目前为止，我校共有“挑战杯”全国大学生课外学术科技作品竞赛、“挑战杯”全国大学生创业计划大赛、“空中客车全球大学生航空创意竞赛”、“全国大学生数学建模竞赛”等11项赛事被认定为I级甲等，全国大学生数学竞赛、全国大学生英语竞赛等21项赛事被认定为I级乙等。竞赛获奖可作为学生评优评奖的依据，南京航空航天大学《大学生竞赛工作组织管理办法》规定，获得I级竞赛奖励的，可作为推荐免试攻读硕士学位研究生的条件。</p>', '系网站', '2014-03-02 14:11:21', null, '0');
INSERT INTO `t_news` VALUES ('15', '2', '我院周德群教授获聘教育部委员', '近日，《教育部关于成立2013-2017年教育部高等学校教学指导委员会的通知》[教高函(2013)4号]公布，我院周德群教授当选为工业工程类专业副主任委员。', '<p>近日，《教育部关于成立2013-2017年教育部高等学校教学指导委员会的通知》[教高函(2013)4号]公布，我院周德群教授当选为工业工程类专业副主任委员。据悉，这次学校有17人当选2013-2017年教育部高等学校教学指导委员会委员，其中1人被选为副主任委员。这次成为副主任委员单位，表明我院工业工程类本科教学及人才培养水平在全国范围内的影响力有了进一步的提升，也为学院深入推进本科教学的研究与改革奠定了良好的基础。</p><p>教学指导委员会是教育部聘请并领导的专家组织，具有非常设学术机构的性质，接受教育部的委托，开展高等学校本科教学的相关研究、咨询、指导、评估、服务等工作。该委员会委员的选聘情况在一定程度上反映了一个学校及相关专业的综合实力，在全国有广泛的影响，也受到各高校的密切关注。</p><p>本届教学指导委员会委员是在省（区、市）教育行政部门、中央部门所属高校、行业部门（协会）和上届教学指导委员会推荐基础上，经教育部认真遴选并广泛征求意见选聘的。各教学指导委员会委员由教育部颁发聘书聘任，任期自2013年4月1日起至2017年12月31日止。每个教学指导委员会设主任委员1人、副主任委员若干人、秘书长1人。</p>', '互联网', '2014-03-03 14:11:21', null, '0');
INSERT INTO `t_news` VALUES ('16', '3', '快速情报收集系统项目招聘', '招聘人数:5   工资待遇:   发布日期:2013-09-08   有效期:不限', '<p>       竞争情报系统是对企业整体竞争环境与竞争对手活动信息的一个全面监测过程。它通过合法手段收集和分析商业竞争中有关商业行为的各类信息, 整合企业内部信息资源, 为企业的决策部门和管理者提供多种途径、方便快捷的情报信息服务, 为企业战略决策提供依据。竞争情报系统包括:一个中心(竞争情报数据中心); 三个网络(情报组织网络、人际情报网络、信息网络)、三个应用子系统(情报收集系统、情报处理与分析系统、情报服务系统)。</p><p>    项目负责老师：马静      联系方式：025-84896230</p><p>项目要求：1、独立负责工作小组，下级成员的引导、日常工作监督； \r\n2、参与项目规划，制定项目实施方案；整合并优化项目开发资源； \r\n3、软件开发规范及标准流程的改进；软件系统的设计和分析； \r\n4、根据开发进度和任务分配，完成相应模块的设计、开发、编程； \r\n5、具有良好的领导和沟通能力，具有向心力，能带领团队攻克难关，保证项目的正常进行。</p>', '互联网', '2014-03-04 14:11:21', null, '0');
INSERT INTO `t_news` VALUES ('17', '4', '华为公司南京研究所2015届实习生', '华为公司南京研究所2015届实习生.', '<p>     在华为实习，您可以体验到全球领先信息与通信解决方案供应商公司积极向上的氛围和团队奋斗文化；在华为实习，您可以通过参与项目熟悉业界领先技术理念，践实自身能力并积累工作经验，亲临世界五百强工作流程规范化和企业管理完备的制度；在华为实习，您可以优先获得毕业后进入华为工作的offer以及具有竞争力的实习工资。\r\n在此，我们诚邀各位优秀学子推荐您的师弟师妹们，加入华为，在全球舞台上激扬无悔的青春，激发潜能，成就团队，成就自我！</p><p>推荐方法：\r\n请您于2014年3月10日前，将推荐简历发送到 zhaopinnj@huawei.com；邮件标题：实习生招聘-XX大学-专业-姓名。同时，请被推荐人于2014年3月20日前登录华为网站校园招聘主页（http://career.huawei.com/campus/）进行注册并将简历填写完整、完成提交。对于符合条件的同学，我们将主动联系并安排面试。</p><p>招聘岗位：\r\n软件研发工程师、软件测试工程师；主要涉及技术方向有：物联网、网络操作系统、数据通信、交换机/路由器开发、底层驱动、BSS、数字业务等</p><p>实习生招收条件：\r\n1.       招收对象：南京地区高校2015、2016年毕业的硕士研究生、本科生；\r\n2.       专业要求：计算机、无线电通信、无线电技术、通信工程、光纤通信、光电子技术、通信与电子系统、信号与信息处理、微波通信电子工程、自动控制理论及应用、电路与系统、微电子、电磁场与微波技术、数学等相关专业。\r\n3.       实习要求：经学校及导师同意，5天工作制，连续实习3-12个月。\r\n4.       实习工资：硕士生税前3000元，本科生税前2500元。公司代购买“意外伤害险”。\r\n5.       实习地点：华为南京研究所。</p><p>说明：\r\n1.       内部推荐的同学，如符合实习生招聘条件的将获得优先面试的资格。\r\n2.       通过实习生面试，并签约参加实习的学生，根据实习期表现，直接成为2015届签约对象。\r\n3.       通过面试环节，但因为各项原因未能够参加实习者，可进入2015届校园招聘优先招聘名单。\r\n4.       未能够通过实习面试者，不影响重新参加秋季应届生面试。</p>', '互联网', '2014-03-05 14:11:21', null, '0');
INSERT INTO `t_news` VALUES ('18', '4', '江苏银行2014校园招聘', '江苏银行2014年实习招聘，千万不要错过。', '<p>	   我是何雪枫</p>         <p>		现在到了中午时间</p>', '互联网', '2014-03-06 14:11:21', null, '0');
INSERT INTO `t_news` VALUES ('19', '6', 'CNNIC发布第33次《中国互联网络发展状况统计报告》', '2014年1月16日，中国互联网络信息中心发布第33次《中国互联网络发展状况统计报告》。《报告》显示，截至2013年12月，中国网民规模达6.18亿，互联网普及率为45.8%。', '<p>互联网发展从“量变”转向“质变” 手机终端应用持续升温</p><p>2014年1月16日，中国互联网络信息中心（CNNIC）在京发布第33次《中国互联网络发展状况统计报告》（以下简称《报告》）。《报告》显示，截至2013年12月，中国网民规模达6.18亿，互联网普及率为45.8%。其中，手机网民规模达5亿，继续保持稳定增长。手机网民规模的持续增长促进了手机端各类应用的发展，成为2013年中国互联网发展的一大亮点。 </p><p>网民规模增长进入平台期 发展主题从“量变”转向“质变” </p><p>《报告》显示，截至2013年12月，中国网民规模达6.18亿，全年新增网民5358万人。互联网普及率为45.8%，较2012年底提升3.7个百分点。综合近年来网民规模数据及其他相关统计，中国互联网普及率逐渐饱和，互联网发展主题从“数量”向“质量”转换，具备互联网在经济社会中地位提升、与传统经济结合紧密、各类互联网应用对网民生活形态影响力度加深等特点。</p><p>手机网民数量持续增长 高流量手机应用成亮点</p><p>截至2013年12月，中国手机网民规模达到5亿，年增长率为19.1%，继续保持上网第一大终端的地位。网民中使用手机上网的人群比例由2012年底的74.5%提升至81.0%，远高于其他设备上网的网民比例，手机依然是中国网民增长的主要驱动力。</p><p>在3G网络进一步普及、智能手机和无线网络持续发展的背景下，视频、音乐等高流量手机应用拥有越来越多的用户。截至2013年12月，我国手机端在线收看或下载视频的用户数为2.47亿，与2012年底相比增长了1.12亿，增长率高达83.8%，在手机类应用用户规模增长幅度统计中排名第一。用户上网设备向手机端转移、使用基础环境的改善和上网成本的下降三方面是手机端高流量应用使用率激增的主要原因。</p><p>社交类综合平台持续升温 网络游戏终端竞争加剧 </p><p>《报告》显示，2013年微博、社交网站、论坛等互联网应用的使用率较2012年有所下降。类似即时通信等以社交元素为基础的平台应用则发展稳定：在2013年，整体即时通信用户规模在移动端的推动下提升至5.32亿，较 2012年底增长6440万，使用率达86.2%。与传统及时通信工具、社交网站相比，以社交为基础的综合平台不仅拥有更强的通信功能，还增加了信息分享等社交类应用，并为用户提供了诸如支付、金融等内容的综合服务，最大限度地增加了用户粘性，保证了用户规模的持续增长</p><p>与之相比，2013年中国网络游戏用户增长速度明显放缓。《报告》显示，网民使用率从2012年的59.5%降至54.7%。网络游戏用户规模为3.38亿，增长数量仅为234万。与网络游戏市场整体增长乏力现状形成鲜明对比的是，手机网络游戏用户的增长十分迅速：截至2013年12月，我国手机网络游戏用户数为2.15亿，较2012年底增长了7594万，年增长率达到54.5%。传统的PC端网络游戏增长乏力，面临手机网络游戏高速增长的挑战。 </p><p><b>网购团购规模增速明显 企业电商应用尚待提升</b> </p><p>《报告》表明，2013年以网络购物、团购为主的商务类应用保持较高的发展速度。2013年，中国网络购物用户规模达3.02亿，使用率达到48.9%，相比2012年增长6.0个百分点。在商务类应用中，团购市场的增长最为迅猛：2013年团购用户规模达1.41亿，团购的使用率为22.8%，相比2012年增长了8.0个百分点，使用率年增速达54.3%，成为商务类应用的最大亮点。</p>', '阿里研究院', '2014-03-07 14:11:21', null, '0');
INSERT INTO `t_news` VALUES ('20', '6', 'IBM大数据技术升级 认知计算融入分析平台', '在3月6日举行的IBM 2014大数据发布会上，蓝色巨人向我们展示了关于大数据的最新进展，同时发布了名为《分析：价值的蓝图》的大数据白皮书。', '<p>\\t我是</p>', '系网站', '2014-03-08 14:11:21', null, '0');
INSERT INTO `t_news` VALUES ('21', '5', '航空产业发展战略研究所研讨2014年发展规划', '近期，我院航空产业战略研究所召开了会议，深入研讨2014年研究所工作重点和未来发展规划。会议由所长蔡啟明老师主持，张卓、钱焱、黄伟如、张庆、程勇、任盈盈等老师参与了会议的讨论。', '<p>近期，我院航空产业战略研究所召开了会议，深入研讨2014年研究所工作重点和未来发展规划。会议由所长蔡啟明老师主持，张卓、钱焱、黄伟如、张庆、程勇、任盈盈等老师参与了会议的讨论。</p><p>会上，老师们集体学习了学院关于研究所的管理规定和考核办法，并各抒己见，从不同角度对研究所的重点工作、难点工作、未来发展方向做了充分的沟通和研讨。蔡啟明所长认为，2014年研究所要重点攻关两个领域：一是纵向上，老师们要积极申报国家级省部级的课题，多出高质量的理论成果；二是横向上，牢牢依靠两个优势，企业流程再造和航空产业规划，并且在产业园规划日趋饱和的情况下，触角向通用航空培训领域延伸。</p><p>学校的大发展和学院层次的提升，为航空产业战略研究所的成长提出了新的要求，也迎来了极好的机会。这次会议为研究所的成长奠定了基本格局，同时也描绘了研究所发展的蓝图，老师们对研究所的未来充满信心！</p>', '系网站', '2014-03-09 12:12:30', null, '0');
INSERT INTO `t_news` VALUES ('22', '5', '经济与管理学院开启“名师进社区”系列活动', '新学期伊始，经济与管理学院各班级都以不同形式举行了班会、座谈会，拉开了新学期的序幕，各班班主任和辅导员也积极走进学生，畅谈假期收获和新学期展望。', '<p>很多同学们喜爱的老师还走进学生公寓社区，用丰富的学识和幽默风趣的语言，给同学们上了新学期的“第一课”。</p><p>2月28日，金融系顾金宏副教授走进经管学生公寓社区，与同学们就学习生活等方面问题进行了深入交流。作为金融802班的班主任，顾金宏老师首先肯定班级同学取得的成绩，总结了上学期班级工作的优劣得失，并对这学期的班级工作进行了相应的规划。</p><p>很多同学表示老师走进社区拉近了老师与同学间的距离，一些关于学习生活的疑问也得到了清楚详细的解答，不用像在课堂上那样拘束，可以随意跟喜欢的老师聊感兴趣的话题，并希望老师们以后可以经常“来家里坐坐”。</p><p>名师进社区系列活动，不仅加强了师生间的互动交流，使师生关系更为亲密，而且同学们在与老师交谈中更是可以畅所欲言，收获颇丰。后期经管学生公寓社区自治会还将邀请到经济与管理学院更多的老师走进社区，与同学进行零距离的交流，与同学们一起教学相长展望明天！</p>', '互联网', '2014-03-10 12:12:30', null, '0');
INSERT INTO `t_news` VALUES ('23', '4', '通用汽车2014暑期实习生招聘', '通用汽车公司是全球最大的汽车公司之一，历史可以追溯到1908年。它的愿景是：致力于设计、制造和销售世界上最好的汽车。', '<p>通用汽车中国的企业策略可以概括为：立足中国、携手中国、用心中国。通用汽车公司在中国进口、生产和销售别克、凯迪拉克、雪夫兰、欧宝、宝骏、五菱及解放品牌的系列产品。所提供的产品系列之丰富位居所有在华跨国汽车企业之首。</p><p>2013年，通用汽车及其合资企业在华销量为3, 160,377辆，同比增长11.4%。</p><p>\r\n　　通用汽车公司和全体员工正致力成为世界的驱动力并且我们满怀热情。所有团队的成员都是创新与变革的佼佼者。我们渴望胸怀抱负并热于奉献的人才与我们一同展开这场旅程。</p><p>招聘职位</p><p>GM International Operations – Finance (Treasury) Intern 通用汽车国际运营部财务部实习</p><p>GM China – Finance CoE (Center of Expertise) Intern 通用汽车中国财务部实习生</p><p>GM China - Communications Intern 通用汽车中国公共事务及传播部实习生</p><p>GM China - GPSC (Global Purchasing and Supply Chain) Intern 通用汽车中国全球采购与供应链管理部实习生</p><p>GM International Operations - Planning and Program Management Intern 通用汽车国际运营部规划部实习生</p><p>      详情请见http://ggx.nuaa.edu.cn/cms/2/showproduct.php?lang=cn&id=166</p>', '互联网', '2014-03-11 11:31:12', null, '0');
INSERT INTO `t_news` VALUES ('24', '2', '我院召开金融学专业水平提升专项建设方案论证会', '2014年3月11日下午4点，我院金融学专业水平提升专项建设方案论证会在经管楼602会议室顺利进行。', '<p>学院特邀南京师范大学副校长华桂宏教授、南京大学工程管理学院院长李心丹教授、南京财经大学金融学院副院长孙杨教授、教务处江爱华副处长、以及我院经济系金融专业徐强教授担任论证会评审专家。我院周德群院长、朱建军副院长、金融专业顾金宏副教授、李杰副教授、孙涛教授和学院教学办吴海燕老师等参加了评审会，经济系主任邓晶老师对本次评审会也给予了高度关注。评审会由周德群院长主持。</p><p>周德群院长致欢迎辞，并向评审专家详细介绍了学校本科专业水平提升专项背景。金融学专业负责人段进东教授汇报了金融学本科专业建设的发展规划，从我校金融学专业的发展过程以及目前的发展状况，提出了包括师资队伍、实践教学条件、人才培养方案、课程教学团队等方面的建设目标，阐述了为达到目标而采取的详细建设方案。</p><p>江爱华副处长做了总结发言，他认为专家们提出的建议给了我们很多启发和灵感，并结合学院具体情况给出了很多建议：专业建设要摆脱传统的模式，更具创新性、开拓性；课程建设方面要抓重点、有特色；提倡老师们进行研究性教学和教学法研究；在教改方面体现团队合作精神。当前，我校专业建设面临历史机遇，学院上下应坚定决心，不断追求、不断创新。他相信，通过努力，经管学院一定能做成南航最好的本科教学学院。</p>', '系网站', '2014-03-12 11:31:12', null, '0');
INSERT INTO `t_news` VALUES ('25', '6', '雅虎回归核心搜索业务 结果中集成Yelp商家点评', '雅虎回归核心搜索业务 结果中集成Yelp商家点评', '<p>	网易科技讯 3月13日消息，据美国媒体报道，雅虎将从Yelp对当地商家在线评论中摘取内容加入其搜索结果。周三来自Yelp商家评论的评价和摘录开始出现在雅虎的搜索结果中。这份合作协议的财务条款没有披露。</p>\r\n<p>	雅虎希望来自Yelp流行服务的内容可吸引更多的人使用其搜索引擎，特别是在他们寻找有关特定城市的信息时。而Yelp也可提高收入和宣传自己的品牌。雅虎CEO玛丽莎•梅耶优先考虑提高搜索流量，因为这些搜索有利于了解用户的兴趣，还可用于销售广告。</p>\r\n<p>	网易科技讯 3月13日消息，据美国媒体报道，雅虎将从Yelp对当地商家在线评论中摘取内容加入其搜索结果。周三来自Yelp商家评论的评价和摘录开始出现在雅虎的搜索结果中。这份合作协议的财务条款没有披露。</p>\r\n<p>	雅虎希望来自Yelp流行服务的内容可吸引更多的人使用其搜索引擎，特别是在他们寻找有关特定城市的信息时。而Yelp也可提高收入和宣传自己的品牌。雅虎CEO玛丽莎•梅耶优先考虑提高搜索流量，因为这些搜索有利于了解用户的兴趣，还可用于销售广告。</p>\r\n<p>	网易科技讯 3月13日消息，据美国媒体报道，雅虎将从Yelp对当地商家在线评论中摘取内容加入其搜索结果。周三来自Yelp商家评论的评价和摘录开始出现在雅虎的搜索结果中。这份合作协议的财务条款没有披露。</p>\r\n<p>	雅虎希望来自Yelp流行服务的内容可吸引更多的人使用其搜索引擎，特别是在他们寻找有关特定城市的信息时。而Yelp也可提高收入和宣传自己的品牌。雅虎CEO玛丽莎•梅耶优先考虑提高搜索流量，因为这些搜索有利于了解用户的兴趣，还可用于销售广告。</p>\r\n', '网易科技报道', '2014-03-13 13:38:38', null, '0');
INSERT INTO `t_news` VALUES ('26', '4', '中国大唐集团2014校园招聘', '中国大唐集团公司是国有特大型发电企业集团，是中央直接管理的国有独资公司，是国务院批准的国家授权投资的机构和国家控股公司试点。', '<p>		中国大唐集团公司是国有特大型发电企业集团，是中央直接管理的国有独资公司，是国务院批准的国家授权投资的机构和国家控股公司试点。中国大唐集团公司拥有4家上市公司，在役及在建资产分布在全国31个省区市以及境外的缅甸、老挝、柬埔寨、哈萨克斯坦等国家，发电装机规模达到11539万千瓦，资产总额达7000亿元，员工总数逾10万人。居2013年财富世界500强排行榜第376位。</p>\r\n　　<p>		中国大唐集团公司秉承\"务实、奉献、创新、奋进\"的企业精神，奉行\"大唐大舞台，尽责尽人才\"的人才理念，积极实施人才强企战略。为加强集团总部建设和保障企业健康快速发展，现公开招聘优秀应届毕业生，充实到公司所属在京单位，作为总部和在京二级企业本部人才储备。</p>\r\n\r\n　　<p>		招聘详情：</p>\r\n　　<p>		大唐有限公司2014校园招聘</p>\r\n　　<p>		简历投递截止日期为2014年4月24日</p>\r\n　　<p>		http://www.dajie.com/corp/1848631/project/26145</p>\r\n\r\n　　<p>		大唐科技产业集团有限公司2014校园招聘</p>\r\n　　<p>		简历投递截止日期为2014年4月30日</p>\r\n　　<p>		http://www.dajie.com/corp/4224351/project/26150</p>\r\n', '互联网', '2014-03-14 14:38:38', null, '0');
